2024-03-31,Reconnaissance missions in Western Defense provided valuable intelligence for future operations.,258,4
2024-09-10,Operational challenges in Western Defense led to tactical adjustments and secondary plans.,321,5
2024-04-14,Operational challenges in Coastal Region led to tactical adjustments and secondary plans.,4,6
2024-10-16,The operation at Northern Border was successfully executed with minor resistance.,306,7
2024-04-08,Reconnaissance missions in Northern Border provided valuable intelligence for future operations.,200,8
2024-03-30,"Troops engaged in combat at Southern Command, achieving the main objectives.",234,9
2024-03-25,Heavy equipment deployment in Coastal Region improved strategic positioning.,285,10
2024-07-23,Heavy equipment deployment in Eastern Front improved strategic positioning.,399,11
2024-09-06,The operation at Eastern Front was successfully executed with minor resistance.,328,12
2024-02-12,Heavy equipment deployment in Southern Command improved strategic positioning.,120,13
2024-06-03,Heavy equipment deployment in Coastal Region improved strategic positioning.,205,14
2024-05-05,The operation at Western Defense was successfully executed with minor resistance.,128,15
2024-06-15,Reconnaissance missions in Southern Command provided valuable intelligence for future operations.,292,16
2024-11-18,Operational challenges in Northern Border led to tactical adjustments and secondary plans.,68,17
2024-09-11,The operation at Southern Command was successfully executed with minor resistance.,109,18
2024-05-29,The operation at Coastal Region was successfully executed with minor resistance.,179,19
2024-10-13,"Troops engaged in combat at Southern Command, achieving the main objectives.",273,20
2024-01-05,Operational challenges in Western Defense led to tactical adjustments and secondary plans.,352,21
2024-01-22,The operation at Coastal Region was successfully executed with minor resistance.,190,22
2024-06-03,"Troops engaged in combat at Western Defense, achieving the main objectives.",44,23
2024-12-17,Reconnaissance missions in Southern Command provided valuable intelligence for future operations.,276,24
2024-03-07,Heavy equipment deployment in Southern Command improved strategic positioning.,366,25
2024-04-03,Heavy equipment deployment in Eastern Front improved strategic positioning.,189,26
2024-05-02,Operational challenges in Northern Border led to tactical adjustments and secondary plans.,246,27
2024-01-08,Heavy equipment deployment in Coastal Region improved strategic positioning.,386,28
2024-10-16,Operational challenges in Southern Command led to tactical adjustments and secondary plans.,114,29
2024-03-04,The operation at Eastern Front was successfully executed with minor resistance.,1,30
2024-04-26,Reconnaissance missions in Southern Command provided valuable intelligence for future operations.,185,31
2024-03-11,The operation at Western Defense was successfully executed with minor resistance.,76,32
2024-03-14,Operational challenges in Coastal Region led to tactical adjustments and secondary plans.,244,33
2024-02-16,Heavy equipment deployment in Coastal Region improved strategic positioning.,6,34
2024-04-13,"Troops engaged in combat at Eastern Front, achieving the main objectives.",102,35
2024-11-07,The operation at Southern Command was successfully executed with minor resistance.,131,36
2024-04-16,Operational challenges in Eastern Front led to tactical adjustments and secondary plans.,54,37
2024-12-21,Operational challenges in Western Defense led to tactical adjustments and secondary plans.,85,38
2024-06-02,"Troops engaged in combat at Southern Command, achieving the main objectives.",324,39
2024-01-03,The operation at Northern Border was successfully executed with minor resistance.,70,40
2024-06-22,Operational challenges in Eastern Front led to tactical adjustments and secondary plans.,299,41
2024-04-16,"Troops engaged in combat at Eastern Front, achieving the main objectives.",134,42
2024-12-09,"Troops engaged in combat at Coastal Region, achieving the main objectives.",110,43
2024-02-05,The operation at Eastern Front was successfully executed with minor resistance.,168,44
2024-03-20,The operation at Southern Command was successfully executed with minor resistance.,336,45
2024-03-02,Reconnaissance missions in Coastal Region provided valuable intelligence for future operations.,52,46
2024-04-29,Heavy equipment deployment in Coastal Region improved strategic positioning.,330,47
2024-05-05,"Troops engaged in combat at Southern Command, achieving the main objectives.",218,48
2024-03-03,Heavy equipment deployment in Coastal Region improved strategic positioning.,217,49
2024-11-18,Heavy equipment deployment in Western Defense improved strategic positioning.,257,50
2024-11-17,Operational challenges in Northern Border led to tactical adjustments and secondary plans.,284,51
2024-12-30,Heavy equipment deployment in Coastal Region improved strategic positioning.,280,52
2024-02-15,"Troops engaged in combat at Eastern Front, achieving the main objectives.",117,53
2024-02-15,Reconnaissance missions in Coastal Region provided valuable intelligence for future operations.,213,54
2024-04-17,Operational challenges in Southern Command led to tactical adjustments and secondary plans.,63,55
2024-12-18,The operation at Northern Border was successfully executed with minor resistance.,265,56
2024-03-18,The operation at Eastern Front was successfully executed with minor resistance.,46,57
2024-03-06,Reconnaissance missions in Western Defense provided valuable intelligence for future operations.,45,58
2024-01-18,The operation at Eastern Front was successfully executed with minor resistance.,228,59
2024-04-28,"Troops engaged in combat at Coastal Region, achieving the main objectives.",160,60
2024-05-11,"Troops engaged in combat at Eastern Front, achieving the main objectives.",341,61
2024-04-13,"Troops engaged in combat at Southern Command, achieving the main objectives.",143,62
2024-03-14,The operation at Southern Command was successfully executed with minor resistance.,281,63
2024-08-15,Reconnaissance missions in Coastal Region provided valuable intelligence for future operations.,19,64
2024-04-05,Heavy equipment deployment in Western Defense improved strategic positioning.,272,65
2024-09-21,The operation at Eastern Front was successfully executed with minor resistance.,38,66
2024-11-03,Heavy equipment deployment in Western Defense improved strategic positioning.,171,67
2024-07-30,Operational challenges in Western Defense led to tactical adjustments and secondary plans.,31,68
2024-09-27,Operational challenges in Eastern Front led to tactical adjustments and secondary plans.,126,69
2024-12-03,Heavy equipment deployment in Northern Border improved strategic positioning.,90,70
2024-08-10,The operation at Eastern Front was successfully executed with minor resistance.,248,71
2024-11-15,Heavy equipment deployment in Western Defense improved strategic positioning.,286,72
2024-09-29,The operation at Eastern Front was successfully executed with minor resistance.,95,73
2024-04-15,Reconnaissance missions in Western Defense provided valuable intelligence for future operations.,327,74
2024-11-18,Heavy equipment deployment in Southern Command improved strategic positioning.,146,75
2024-02-04,The operation at Southern Command was successfully executed with minor resistance.,194,76
2024-06-03,Operational challenges in Northern Border led to tactical adjustments and secondary plans.,222,77
2024-05-21,Heavy equipment deployment in Western Defense improved strategic positioning.,180,78
2024-11-14,"Troops engaged in combat at Southern Command, achieving the main objectives.",193,79
2024-12-05,Operational challenges in Eastern Front led to tactical adjustments and secondary plans.,104,80
2024-04-11,Heavy equipment deployment in Eastern Front improved strategic positioning.,198,81
2024-05-25,Heavy equipment deployment in Western Defense improved strategic positioning.,264,82
2024-07-29,Operational challenges in Northern Border led to tactical adjustments and secondary plans.,86,83
2024-09-12,"Troops engaged in combat at Western Defense, achieving the main objectives.",340,84
2024-02-15,"Troops engaged in combat at Southern Command, achieving the main objectives.",277,85
2024-01-31,Operational challenges in Coastal Region led to tactical adjustments and secondary plans.,220,86
2024-09-05,Heavy equipment deployment in Eastern Front improved strategic positioning.,93,87
2024-03-17,"Troops engaged in combat at Western Defense, achieving the main objectives.",66,88
2024-06-27,The operation at Eastern Front was successfully executed with minor resistance.,279,89
2024-08-30,Reconnaissance missions in Coastal Region provided valuable intelligence for future operations.,297,90
2024-01-22,The operation at Southern Command was successfully executed with minor resistance.,384,91
2024-04-24,The operation at Western Defense was successfully executed with minor resistance.,55,92
2024-03-30,The operation at Coastal Region was successfully executed with minor resistance.,236,93
2024-09-03,"Troops engaged in combat at Southern Command, achieving the main objectives.",138,94
2024-07-02,Heavy equipment deployment in Coastal Region improved strategic positioning.,369,95
2024-04-30,Reconnaissance missions in Northern Border provided valuable intelligence for future operations.,203,96
2024-01-25,Operational challenges in Coastal Region led to tactical adjustments and secondary plans.,380,97
2024-10-13,"Troops engaged in combat at Coastal Region, achieving the main objectives.",224,98
2024-12-04,Reconnaissance missions in Southern Command provided valuable intelligence for future operations.,215,99
2024-12-06,Heavy equipment deployment in Coastal Region improved strategic positioning.,67,100
2024-10-09,Heavy equipment deployment in Southern Command improved strategic positioning.,359,101
2024-04-26,Heavy equipment deployment in Coastal Region improved strategic positioning.,174,102
2024-11-22,The operation at Northern Border was successfully executed with minor resistance.,15,103
2024-08-18,Reconnaissance missions in Western Defense provided valuable intelligence for future operations.,35,104
2024-11-28,The operation at Coastal Region was successfully executed with minor resistance.,294,105
2024-03-06,Heavy equipment deployment in Southern Command improved strategic positioning.,347,106
2024-05-25,Reconnaissance missions in Western Defense provided valuable intelligence for future operations.,250,107
2024-06-12,The operation at Northern Border was successfully executed with minor resistance.,225,108
2024-07-31,Operational challenges in Southern Command led to tactical adjustments and secondary plans.,184,109
2024-11-06,"Troops engaged in combat at Western Defense, achieving the main objectives.",396,110
2024-12-02,The operation at Southern Command was successfully executed with minor resistance.,43,111
2024-07-13,Operational challenges in Western Defense led to tactical adjustments and secondary plans.,223,112
2024-02-22,Reconnaissance missions in Coastal Region provided valuable intelligence for future operations.,293,113
2024-10-22,Operational challenges in Northern Border led to tactical adjustments and secondary plans.,75,114
2024-03-12,The operation at Southern Command was successfully executed with minor resistance.,37,115
2024-11-24,"Troops engaged in combat at Northern Border, achieving the main objectives.",385,116
2024-08-31,Heavy equipment deployment in Coastal Region improved strategic positioning.,51,117
2024-07-12,Heavy equipment deployment in Western Defense improved strategic positioning.,27,118
2024-01-12,"Troops engaged in combat at Coastal Region, achieving the main objectives.",132,119
2024-05-13,Heavy equipment deployment in Southern Command improved strategic positioning.,130,120
2024-08-19,The operation at Coastal Region was successfully executed with minor resistance.,18,121
2024-09-30,Heavy equipment deployment in Coastal Region improved strategic positioning.,254,122
2024-06-15,Reconnaissance missions in Eastern Front provided valuable intelligence for future operations.,34,123
2024-12-13,Reconnaissance missions in Western Defense provided valuable intelligence for future operations.,206,124
2024-12-12,Reconnaissance missions in Northern Border provided valuable intelligence for future operations.,255,125
2024-05-13,The operation at Southern Command was successfully executed with minor resistance.,266,126
2024-05-05,The operation at Coastal Region was successfully executed with minor resistance.,40,127
2024-09-01,"Troops engaged in combat at Eastern Front, achieving the main objectives.",389,128
2024-06-02,The operation at Eastern Front was successfully executed with minor resistance.,282,129
2024-03-21,"Troops engaged in combat at Southern Command, achieving the main objectives.",177,130
2024-06-28,Reconnaissance missions in Northern Border provided valuable intelligence for future operations.,60,131
2024-02-25,The operation at Western Defense was successfully executed with minor resistance.,320,132
2024-08-17,Heavy equipment deployment in Eastern Front improved strategic positioning.,170,133
2024-08-16,Operational challenges in Eastern Front led to tactical adjustments and secondary plans.,325,134
2024-02-05,Operational challenges in Western Defense led to tactical adjustments and secondary plans.,261,135
2024-03-21,Reconnaissance missions in Coastal Region provided valuable intelligence for future operations.,374,136
2024-07-03,Heavy equipment deployment in Southern Command improved strategic positioning.,350,137
2024-07-14,Heavy equipment deployment in Northern Border improved strategic positioning.,133,138
2024-07-20,Heavy equipment deployment in Coastal Region improved strategic positioning.,9,139
2024-12-29,Heavy equipment deployment in Coastal Region improved strategic positioning.,41,140
2024-02-08,"Troops engaged in combat at Coastal Region, achieving the main objectives.",22,141
2024-08-04,"Troops engaged in combat at Western Defense, achieving the main objectives.",80,142
2024-03-06,The operation at Eastern Front was successfully executed with minor resistance.,308,143
2024-01-26,Heavy equipment deployment in Coastal Region improved strategic positioning.,267,144
2024-03-06,The operation at Coastal Region was successfully executed with minor resistance.,142,145
2024-05-22,The operation at Coastal Region was successfully executed with minor resistance.,164,146
2024-05-27,Operational challenges in Western Defense led to tactical adjustments and secondary plans.,175,147
2024-10-18,Reconnaissance missions in Northern Border provided valuable intelligence for future operations.,182,148
2024-04-25,Reconnaissance missions in Coastal Region provided valuable intelligence for future operations.,57,149
2024-05-16,Reconnaissance missions in Coastal Region provided valuable intelligence for future operations.,61,150
2024-09-22,The operation at Southern Command was successfully executed with minor resistance.,24,151
2024-08-12,"Troops engaged in combat at Eastern Front, achieving the main objectives.",10,152
2024-02-27,"Troops engaged in combat at Southern Command, achieving the main objectives.",82,153
2024-01-26,Operational challenges in Southern Command led to tactical adjustments and secondary plans.,268,154
2024-05-06,The operation at Northern Border was successfully executed with minor resistance.,238,155
2024-07-20,The operation at Western Defense was successfully executed with minor resistance.,101,156
2024-11-07,"Troops engaged in combat at Coastal Region, achieving the main objectives.",144,157
2024-12-19,Operational challenges in Eastern Front led to tactical adjustments and secondary plans.,125,158
2024-11-22,The operation at Western Defense was successfully executed with minor resistance.,262,159
2024-04-15,The operation at Southern Command was successfully executed with minor resistance.,28,160
2024-11-17,Operational challenges in Northern Border led to tactical adjustments and secondary plans.,23,161
2024-08-16,"Troops engaged in combat at Southern Command, achieving the main objectives.",72,162
2024-08-19,The operation at Coastal Region was successfully executed with minor resistance.,381,163
2024-11-01,Operational challenges in Eastern Front led to tactical adjustments and secondary plans.,349,164
2024-09-17,"Troops engaged in combat at Northern Border, achieving the main objectives.",363,165
2024-09-27,"Troops engaged in combat at Coastal Region, achieving the main objectives.",11,166
2024-02-23,The operation at Southern Command was successfully executed with minor resistance.,167,167
2024-08-10,Operational challenges in Coastal Region led to tactical adjustments and secondary plans.,124,168
2024-09-15,The operation at Coastal Region was successfully executed with minor resistance.,139,169
2024-09-05,The operation at Southern Command was successfully executed with minor resistance.,232,170
2024-03-28,The operation at Western Defense was successfully executed with minor resistance.,400,171
2024-02-21,Heavy equipment deployment in Northern Border improved strategic positioning.,326,172
2024-11-13,Operational challenges in Coastal Region led to tactical adjustments and secondary plans.,364,173
2024-08-11,Heavy equipment deployment in Northern Border improved strategic positioning.,127,174
2024-08-24,Reconnaissance missions in Eastern Front provided valuable intelligence for future operations.,237,175
2024-07-06,"Troops engaged in combat at Eastern Front, achieving the main objectives.",113,176
2024-08-18,Heavy equipment deployment in Coastal Region improved strategic positioning.,307,177
2024-11-14,Reconnaissance missions in Southern Command provided valuable intelligence for future operations.,73,178
2024-10-07,The operation at Southern Command was successfully executed with minor resistance.,227,179
2024-06-14,"Troops engaged in combat at Southern Command, achieving the main objectives.",300,180
2024-06-12,Reconnaissance missions in Eastern Front provided valuable intelligence for future operations.,312,181
2024-02-05,Reconnaissance missions in Western Defense provided valuable intelligence for future operations.,303,182
2024-01-31,Reconnaissance missions in Coastal Region provided valuable intelligence for future operations.,5,183
2024-11-16,Heavy equipment deployment in Western Defense improved strategic positioning.,253,184
2024-02-09,Reconnaissance missions in Coastal Region provided valuable intelligence for future operations.,345,185
2024-12-01,Operational challenges in Northern Border led to tactical adjustments and secondary plans.,204,186
2024-02-22,Heavy equipment deployment in Northern Border improved strategic positioning.,195,187
2024-06-13,"Troops engaged in combat at Northern Border, achieving the main objectives.",239,188
2024-03-14,Heavy equipment deployment in Coastal Region improved strategic positioning.,135,189
2024-12-07,Reconnaissance missions in Northern Border provided valuable intelligence for future operations.,214,190
2024-08-13,Reconnaissance missions in Western Defense provided valuable intelligence for future operations.,332,191
2024-04-06,Operational challenges in Coastal Region led to tactical adjustments and secondary plans.,71,192
2024-10-03,Heavy equipment deployment in Northern Border improved strategic positioning.,118,193
2024-03-28,The operation at Western Defense was successfully executed with minor resistance.,145,194
2024-03-30,Reconnaissance missions in Southern Command provided valuable intelligence for future operations.,348,195
2024-09-09,The operation at Eastern Front was successfully executed with minor resistance.,358,196
2024-10-25,Operational challenges in Southern Command led to tactical adjustments and secondary plans.,172,197
2024-12-27,Reconnaissance missions in Southern Command provided valuable intelligence for future operations.,197,198
2024-04-11,Operational challenges in Western Defense led to tactical adjustments and secondary plans.,115,199
2024-12-30,The operation at Northern Border was successfully executed with minor resistance.,97,200
2024-07-10,Operational challenges in Eastern Front led to tactical adjustments and secondary plans.,136,201
2024-03-08,Reconnaissance missions in Coastal Region provided valuable intelligence for future operations.,260,202
2024-06-22,The operation at Northern Border was successfully executed with minor resistance.,14,203
2024-08-07,The operation at Southern Command was successfully executed with minor resistance.,355,204
2024-12-03,The operation at Northern Border was successfully executed with minor resistance.,342,205
2024-02-02,Operational challenges in Coastal Region led to tactical adjustments and secondary plans.,371,206
2024-07-05,Heavy equipment deployment in Coastal Region improved strategic positioning.,243,207
2024-07-13,Operational challenges in Eastern Front led to tactical adjustments and secondary plans.,92,208
2024-01-08,Reconnaissance missions in Northern Border provided valuable intelligence for future operations.,83,209
2024-07-27,Operational challenges in Coastal Region led to tactical adjustments and secondary plans.,74,210
2024-03-01,Reconnaissance missions in Southern Command provided valuable intelligence for future operations.,216,211
2024-11-06,Operational challenges in Northern Border led to tactical adjustments and secondary plans.,99,212
2024-10-16,Heavy equipment deployment in Coastal Region improved strategic positioning.,29,213
2024-11-14,The operation at Coastal Region was successfully executed with minor resistance.,269,214
2024-02-09,Heavy equipment deployment in Coastal Region improved strategic positioning.,39,215
2024-03-28,Operational challenges in Western Defense led to tactical adjustments and secondary plans.,25,216
2024-10-22,Operational challenges in Eastern Front led to tactical adjustments and secondary plans.,270,217
2024-11-17,"Troops engaged in combat at Northern Border, achieving the main objectives.",394,218
2024-05-20,Reconnaissance missions in Western Defense provided valuable intelligence for future operations.,290,219
2024-06-05,"Troops engaged in combat at Northern Border, achieving the main objectives.",343,220
2024-02-25,"Troops engaged in combat at Western Defense, achieving the main objectives.",376,221
2024-07-21,The operation at Northern Border was successfully executed with minor resistance.,210,222
2024-12-22,Reconnaissance missions in Western Defense provided valuable intelligence for future operations.,191,223
2024-08-10,Reconnaissance missions in Eastern Front provided valuable intelligence for future operations.,252,224
2024-01-01,Reconnaissance missions in Southern Command provided valuable intelligence for future operations.,316,225
2024-04-05,"Troops engaged in combat at Southern Command, achieving the main objectives.",354,226
2024-03-28,"Troops engaged in combat at Northern Border, achieving the main objectives.",137,227
2024-06-12,Reconnaissance missions in Western Defense provided valuable intelligence for future operations.,337,228
2024-04-13,Heavy equipment deployment in Northern Border improved strategic positioning.,159,229
2024-06-08,Operational challenges in Coastal Region led to tactical adjustments and secondary plans.,161,230
2024-07-13,The operation at Northern Border was successfully executed with minor resistance.,333,231
2024-10-29,The operation at Coastal Region was successfully executed with minor resistance.,147,232
2024-10-05,The operation at Northern Border was successfully executed with minor resistance.,78,233
2024-11-25,The operation at Eastern Front was successfully executed with minor resistance.,338,234
2024-02-22,Operational challenges in Southern Command led to tactical adjustments and secondary plans.,302,235
2024-09-26,Heavy equipment deployment in Northern Border improved strategic positioning.,13,236
2024-08-23,Operational challenges in Coastal Region led to tactical adjustments and secondary plans.,196,237
2024-08-30,"Troops engaged in combat at Southern Command, achieving the main objectives.",304,238
2024-09-11,Operational challenges in Western Defense led to tactical adjustments and secondary plans.,373,239
2024-03-16,The operation at Western Defense was successfully executed with minor resistance.,129,240
2024-07-22,"Troops engaged in combat at Coastal Region, achieving the main objectives.",65,241
2024-05-10,Operational challenges in Northern Border led to tactical adjustments and secondary plans.,392,242
2024-10-29,The operation at Northern Border was successfully executed with minor resistance.,112,243
2024-10-29,Operational challenges in Eastern Front led to tactical adjustments and secondary plans.,288,244
2024-12-05,Heavy equipment deployment in Coastal Region improved strategic positioning.,296,245
2024-09-14,Operational challenges in Eastern Front led to tactical adjustments and secondary plans.,289,246
2024-07-20,Reconnaissance missions in Northern Border provided valuable intelligence for future operations.,178,247
2024-10-14,Heavy equipment deployment in Northern Border improved strategic positioning.,199,248
2024-09-04,Reconnaissance missions in Coastal Region provided valuable intelligence for future operations.,155,249
2024-01-02,The operation at Southern Command was successfully executed with minor resistance.,2,250
2024-10-04,Reconnaissance missions in Western Defense provided valuable intelligence for future operations.,398,251
2024-12-23,The operation at Southern Command was successfully executed with minor resistance.,323,252
2024-09-16,Operational challenges in Coastal Region led to tactical adjustments and secondary plans.,119,253
2024-10-09,Heavy equipment deployment in Coastal Region improved strategic positioning.,247,254
2024-07-26,Heavy equipment deployment in Western Defense improved strategic positioning.,375,255
2024-05-15,"Troops engaged in combat at Western Defense, achieving the main objectives.",315,256
2024-05-13,Heavy equipment deployment in Southern Command improved strategic positioning.,16,257
2024-07-25,The operation at Eastern Front was successfully executed with minor resistance.,365,258
2024-07-03,Operational challenges in Southern Command led to tactical adjustments and secondary plans.,361,259
2024-09-23,"Troops engaged in combat at Northern Border, achieving the main objectives.",26,260
2024-01-19,Reconnaissance missions in Northern Border provided valuable intelligence for future operations.,47,261
2024-08-22,Reconnaissance missions in Northern Border provided valuable intelligence for future operations.,20,262
2024-03-10,"Troops engaged in combat at Southern Command, achieving the main objectives.",176,263
2024-06-23,"Troops engaged in combat at Northern Border, achieving the main objectives.",58,264
2024-06-27,Reconnaissance missions in Eastern Front provided valuable intelligence for future operations.,187,265
2024-02-16,"Troops engaged in combat at Coastal Region, achieving the main objectives.",3,266
2024-08-08,Operational challenges in Eastern Front led to tactical adjustments and secondary plans.,387,267
2024-11-12,Operational challenges in Eastern Front led to tactical adjustments and secondary plans.,319,268
2024-08-04,Reconnaissance missions in Northern Border provided valuable intelligence for future operations.,335,269
2024-07-02,The operation at Western Defense was successfully executed with minor resistance.,259,270
2024-06-23,Heavy equipment deployment in Coastal Region improved strategic positioning.,378,271
2024-10-28,Operational challenges in Eastern Front led to tactical adjustments and secondary plans.,322,272
2024-03-03,"Troops engaged in combat at Coastal Region, achieving the main objectives.",152,273
2024-02-21,The operation at Southern Command was successfully executed with minor resistance.,379,274
2024-04-28,The operation at Eastern Front was successfully executed with minor resistance.,103,275
2024-03-16,"Troops engaged in combat at Western Defense, achieving the main objectives.",121,276
2024-10-05,Operational challenges in Western Defense led to tactical adjustments and secondary plans.,140,277
2024-05-27,The operation at Coastal Region was successfully executed with minor resistance.,8,278
2024-12-30,Operational challenges in Northern Border led to tactical adjustments and secondary plans.,100,279
2024-12-05,"Troops engaged in combat at Western Defense, achieving the main objectives.",318,280
2024-01-15,"Troops engaged in combat at Western Defense, achieving the main objectives.",229,281
2024-06-09,"Troops engaged in combat at Western Defense, achieving the main objectives.",166,282
2024-01-28,Reconnaissance missions in Coastal Region provided valuable intelligence for future operations.,153,283
2024-08-06,The operation at Northern Border was successfully executed with minor resistance.,305,284
2024-05-19,Reconnaissance missions in Western Defense provided valuable intelligence for future operations.,79,285
2024-10-27,"Troops engaged in combat at Southern Command, achieving the main objectives.",88,286
2024-07-28,"Troops engaged in combat at Western Defense, achieving the main objectives.",169,287
2024-08-24,The operation at Eastern Front was successfully executed with minor resistance.,181,288
2024-08-07,Reconnaissance missions in Northern Border provided valuable intelligence for future operations.,233,289
2024-04-02,Reconnaissance missions in Northern Border provided valuable intelligence for future operations.,226,290
2024-11-22,Heavy equipment deployment in Eastern Front improved strategic positioning.,397,291
2024-04-25,Heavy equipment deployment in Eastern Front improved strategic positioning.,356,292
2024-08-01,Heavy equipment deployment in Southern Command improved strategic positioning.,395,293
2024-09-21,Operational challenges in Coastal Region led to tactical adjustments and secondary plans.,30,294
2024-08-16,Heavy equipment deployment in Eastern Front improved strategic positioning.,48,295
2024-02-22,The operation at Eastern Front was successfully executed with minor resistance.,351,296
2024-01-15,Operational challenges in Western Defense led to tactical adjustments and secondary plans.,173,297
2024-02-02,Heavy equipment deployment in Southern Command improved strategic positioning.,154,298
2024-12-31,"Troops engaged in combat at Eastern Front, achieving the main objectives.",69,299
2024-01-31,Heavy equipment deployment in Northern Border improved strategic positioning.,291,300
2024-07-30,"Troops engaged in combat at Northern Border, achieving the main objectives.",271,301
2024-04-25,Operational challenges in Northern Border led to tactical adjustments and secondary plans.,314,302
2024-07-28,The operation at Southern Command was successfully executed with minor resistance.,149,303
2024-07-31,Heavy equipment deployment in Coastal Region improved strategic positioning.,242,304
2024-02-08,Heavy equipment deployment in Western Defense improved strategic positioning.,317,305
2024-01-02,Operational challenges in Eastern Front led to tactical adjustments and secondary plans.,367,306
2024-09-16,Reconnaissance missions in Northern Border provided valuable intelligence for future operations.,357,307
2024-06-01,Operational challenges in Southern Command led to tactical adjustments and secondary plans.,278,308
2024-03-02,Reconnaissance missions in Eastern Front provided valuable intelligence for future operations.,87,309
2024-07-09,The operation at Northern Border was successfully executed with minor resistance.,390,310
2024-08-12,"Troops engaged in combat at Western Defense, achieving the main objectives.",7,311
2024-03-17,The operation at Northern Border was successfully executed with minor resistance.,33,312
2024-08-15,Reconnaissance missions in Coastal Region provided valuable intelligence for future operations.,368,313
2024-07-11,Reconnaissance missions in Southern Command provided valuable intelligence for future operations.,141,314
2024-11-01,Operational challenges in Northern Border led to tactical adjustments and secondary plans.,235,315
2024-08-28,Heavy equipment deployment in Western Defense improved strategic positioning.,241,316
2024-02-26,"Troops engaged in combat at Coastal Region, achieving the main objectives.",192,317
2024-10-13,"Troops engaged in combat at Southern Command, achieving the main objectives.",331,318
2024-01-18,The operation at Southern Command was successfully executed with minor resistance.,295,319
2024-07-09,Reconnaissance missions in Coastal Region provided valuable intelligence for future operations.,94,320
2024-04-11,Operational challenges in Coastal Region led to tactical adjustments and secondary plans.,372,321
2024-05-24,Operational challenges in Western Defense led to tactical adjustments and secondary plans.,339,322
2024-03-15,Operational challenges in Eastern Front led to tactical adjustments and secondary plans.,49,323
2024-01-17,"Troops engaged in combat at Western Defense, achieving the main objectives.",62,324
2024-01-19,Heavy equipment deployment in Southern Command improved strategic positioning.,106,325
2024-02-18,Operational challenges in Northern Border led to tactical adjustments and secondary plans.,287,326
2024-03-07,The operation at Western Defense was successfully executed with minor resistance.,346,327
2024-10-31,Reconnaissance missions in Southern Command provided valuable intelligence for future operations.,202,328
2024-03-31,The operation at Northern Border was successfully executed with minor resistance.,89,329
2024-02-03,Reconnaissance missions in Coastal Region provided valuable intelligence for future operations.,309,330
2024-09-30,Heavy equipment deployment in Coastal Region improved strategic positioning.,344,331
2024-09-07,Heavy equipment deployment in Eastern Front improved strategic positioning.,209,332
2024-04-16,Operational challenges in Coastal Region led to tactical adjustments and secondary plans.,84,333
2024-02-08,Heavy equipment deployment in Northern Border improved strategic positioning.,77,334
2024-04-27,"Troops engaged in combat at Southern Command, achieving the main objectives.",370,335
2024-12-05,Reconnaissance missions in Northern Border provided valuable intelligence for future operations.,313,336
2024-08-25,Heavy equipment deployment in Eastern Front improved strategic positioning.,91,337
2024-06-06,"Troops engaged in combat at Northern Border, achieving the main objectives.",116,338
2024-01-28,The operation at Northern Border was successfully executed with minor resistance.,148,339
2024-11-10,The operation at Coastal Region was successfully executed with minor resistance.,81,340
2024-12-06,Heavy equipment deployment in Northern Border improved strategic positioning.,393,341
2024-03-04,The operation at Southern Command was successfully executed with minor resistance.,188,342
2024-08-04,Operational challenges in Southern Command led to tactical adjustments and secondary plans.,186,343
2024-01-02,The operation at Eastern Front was successfully executed with minor resistance.,17,344
2024-07-24,Reconnaissance missions in Southern Command provided valuable intelligence for future operations.,353,345
2024-01-22,Operational challenges in Coastal Region led to tactical adjustments and secondary plans.,163,346
2024-09-04,Reconnaissance missions in Northern Border provided valuable intelligence for future operations.,183,347
2024-08-06,Heavy equipment deployment in Coastal Region improved strategic positioning.,283,348
2024-04-14,"Troops engaged in combat at Western Defense, achieving the main objectives.",107,349
2024-11-16,Reconnaissance missions in Southern Command provided valuable intelligence for future operations.,42,350
2024-01-27,Operational challenges in Southern Command led to tactical adjustments and secondary plans.,329,351
2024-11-25,"Troops engaged in combat at Southern Command, achieving the main objectives.",122,352
2024-05-20,"Troops engaged in combat at Coastal Region, achieving the main objectives.",105,353
2024-01-10,"Troops engaged in combat at Southern Command, achieving the main objectives.",311,354
2024-02-10,Operational challenges in Coastal Region led to tactical adjustments and secondary plans.,274,355
2024-08-09,Operational challenges in Western Defense led to tactical adjustments and secondary plans.,98,356
2024-12-14,The operation at Eastern Front was successfully executed with minor resistance.,382,357
2024-08-11,Reconnaissance missions in Northern Border provided valuable intelligence for future operations.,391,358
2024-04-11,Heavy equipment deployment in Coastal Region improved strategic positioning.,231,359
2024-06-07,Reconnaissance missions in Northern Border provided valuable intelligence for future operations.,50,360
2024-09-15,Operational challenges in Northern Border led to tactical adjustments and secondary plans.,334,361
2024-06-19,Operational challenges in Coastal Region led to tactical adjustments and secondary plans.,383,362
2024-12-05,Heavy equipment deployment in Northern Border improved strategic positioning.,301,363
2024-02-10,"Troops engaged in combat at Northern Border, achieving the main objectives.",36,364
2024-12-18,The operation at Southern Command was successfully executed with minor resistance.,157,365
2024-10-28,Heavy equipment deployment in Western Defense improved strategic positioning.,150,366
2024-08-14,"Troops engaged in combat at Western Defense, achieving the main objectives.",201,367
2024-12-14,"Troops engaged in combat at Northern Border, achieving the main objectives.",221,368
2024-01-08,Operational challenges in Northern Border led to tactical adjustments and secondary plans.,362,369
2024-10-27,Reconnaissance missions in Eastern Front provided valuable intelligence for future operations.,208,370
2024-02-17,Operational challenges in Southern Command led to tactical adjustments and secondary plans.,158,371
2024-05-03,Operational challenges in Coastal Region led to tactical adjustments and secondary plans.,207,372
2024-10-01,Operational challenges in Eastern Front led to tactical adjustments and secondary plans.,21,373
2024-03-27,The operation at Western Defense was successfully executed with minor resistance.,211,374
2024-04-29,Operational challenges in Coastal Region led to tactical adjustments and secondary plans.,111,375
2024-02-26,Heavy equipment deployment in Western Defense improved strategic positioning.,263,376
2024-11-07,Heavy equipment deployment in Southern Command improved strategic positioning.,377,377
2024-12-31,Operational challenges in Northern Border led to tactical adjustments and secondary plans.,53,378
2024-07-31,Reconnaissance missions in Eastern Front provided valuable intelligence for future operations.,240,379
2024-11-17,Heavy equipment deployment in Northern Border improved strategic positioning.,310,380
2024-04-26,"Troops engaged in combat at Coastal Region, achieving the main objectives.",151,381
2024-02-21,The operation at Eastern Front was successfully executed with minor resistance.,12,382
2024-03-31,Reconnaissance missions in Coastal Region provided valuable intelligence for future operations.,230,383
2024-02-08,Heavy equipment deployment in Southern Command improved strategic positioning.,108,384
2024-01-16,Reconnaissance missions in Southern Command provided valuable intelligence for future operations.,360,385
2024-06-13,The operation at Western Defense was successfully executed with minor resistance.,212,386
2024-06-24,Reconnaissance missions in Northern Border provided valuable intelligence for future operations.,156,387
2024-12-24,Reconnaissance missions in Western Defense provided valuable intelligence for future operations.,162,388
2024-01-03,Reconnaissance missions in Southern Command provided valuable intelligence for future operations.,219,389
2024-11-12,Operational challenges in Northern Border led to tactical adjustments and secondary plans.,56,390
2024-07-15,The operation at Southern Command was successfully executed with minor resistance.,165,391
2024-10-22,Heavy equipment deployment in Eastern Front improved strategic positioning.,64,392
2024-11-25,Operational challenges in Southern Command led to tactical adjustments and secondary plans.,388,393
2024-04-19,Reconnaissance missions in Western Defense provided valuable intelligence for future operations.,123,394
2024-08-19,Operational challenges in Coastal Region led to tactical adjustments and secondary plans.,59,395
2024-02-19,Operational challenges in Western Defense led to tactical adjustments and secondary plans.,96,396
2024-05-05,Operational challenges in Eastern Front led to tactical adjustments and secondary plans.,275,397
2024-11-21,Reconnaissance missions in Northern Border provided valuable intelligence for future operations.,32,398
2024-09-08,"Troops engaged in combat at Southern Command, achieving the main objectives.",298,399
2024-10-27,"Troops engaged in combat at Northern Border, achieving the main objectives.",249,400
2024-06-30,Reconnaissance missions in Western Defense provided valuable intelligence for future operations.,251,401
2024-05-28,"Troops engaged in combat at Northern Border, achieving the main objectives.",245,402
2024-10-12,Heavy equipment deployment in Northern Border improved strategic positioning.,256,403
